vendor_id,vendor_name,category,country,payment_terms_days
V001,Apex Components Ltd,Electronics,Taiwan,30
V002,Summit Packaging Co,Packaging,USA,45
V003,Global Raw Materials,Raw Materials,China,60
V004,Nordic Precision Parts,Mechanical,Germany,30
V005,FastShip Logistics,Logistics,USA,15
V006,Eastern Textiles,Textiles,Vietnam,45
V007,Pacific Semiconductors,Electronics,South Korea,30
